{"bindiff": 0.1208289024846795, "lzjd": 0.465853829901082, "sdhash": 0.5220549877612963, "ssdeep": 0.5384084226103061, "tlsh": 0.46158867060672487}