{"bindiff": 0.2909611615984413, "lzjd": 0.6217800801101702, "sdhash": 0.6049143977220484, "ssdeep": 0.6748139073283903, "tlsh": 0.5334848495094163}