{"bindiff": 0.11450217835409648, "lzjd": 0.3875980876043071, "sdhash": 0.6333237389624151, "ssdeep": 0.6980441425869857, "tlsh": 0.6154149270268047}