{"bindiff": 0.07636147011998058, "lzjd": 0.33009555611011476, "sdhash": 0.37826857109075673, "ssdeep": 0.46156581657932017, "tlsh": 0.31192525603901233}