{"bindiff": 0.13518583733348932, "lzjd": 0.36308207646445867, "sdhash": 0.45864804447881674, "ssdeep": 0.5385279123781964, "tlsh": 0.10903709052634546}