{"bindiff": 0.07288161315588872, "lzjd": 0.33189628858506554, "sdhash": 0.3788521365773453, "ssdeep": 0.46347811630736374, "tlsh": 0.3032076437544112}