{"bindiff": 0.1239745422806347, "lzjd": 0.4175684166494832, "sdhash": 0.5045255670043657, "ssdeep": 0.5842003772000918, "tlsh": 0.1076260061507808}