{"bindiff": 0.050581778182838176, "lzjd": 0.35408595820065375, "sdhash": 0.39289610158442156, "ssdeep": 0.4606832189994208, "tlsh": 0.3290653009693715}