{"bindiff": 0.13860294006700186, "lzjd": 0.35706020819615764, "sdhash": 0.4422181499238901, "ssdeep": 0.5164195133370912, "tlsh": 0.2740247920983747}