{"bindiff": 0.24110593970234934, "lzjd": 0.2639282356486498, "sdhash": 0.37190278469639537, "ssdeep": 0.45185947815586314, "tlsh": 0.2815961001913816}