{"bindiff": 0.06178417139861233, "lzjd": 0.33759122984451456, "sdhash": 0.3845777968410184, "ssdeep": 0.45849399992311374, "tlsh": 0.2776091139205936}