{"bindiff": 0.031039568945538942, "lzjd": 0.5831067416134674, "sdhash": 0.6351564310544612, "ssdeep": 0.1451564310544612, "tlsh": 0.6218230977211279}