{"bindiff": 0.14668108079922065, "lzjd": 0.7609383440931717, "sdhash": 0.6732980227554097, "ssdeep": 0.7629042117830538, "tlsh": 0.7386590742534032}