{"bindiff": 0.1445789105312833, "lzjd": 0.36232550795922885, "sdhash": 0.45978158263946844, "ssdeep": 0.5350393170081197, "tlsh": 0.20600279177552397}