{"bindiff": 0.04967484493320121, "lzjd": 0.5736725660947003, "sdhash": 0.6522149198246767, "ssdeep": 0.16645291192527178, "tlsh": 0.5581520507261853}