{"bindiff": 0.14872455149060634, "lzjd": 0.41294270588535875, "sdhash": 0.5856751859050535, "ssdeep": 0.6434267276562314, "tlsh": 0.5760967076000176}