{"bindiff": 0.09127835644639849, "lzjd": 0.46116630298258493, "sdhash": 0.5126680109292046, "ssdeep": 0.2871937402967621, "tlsh": 0.4839771356502681}