{"bindiff": 0.09876795898530412, "lzjd": 0.5023600124116043, "sdhash": 0.5490022124183654, "ssdeep": 0.5207507518212947, "tlsh": 0.43951852776773853}