{"bindiff": 0.10920120084367202, "lzjd": 0.3943555386960317, "sdhash": 0.5976908690953878, "ssdeep": 0.6678879958496035, "tlsh": 0.6098366698460242}