{"bindiff": 0.25964921494913096, "lzjd": 0.5444225912588737, "sdhash": 0.7283259915724551, "ssdeep": 0.7495390250013672, "tlsh": 0.6446815536026725}