{"bindiff": 0.18055232244400732, "lzjd": 0.3115913305268159, "sdhash": 0.4337345691508014, "ssdeep": 0.5010094651170995, "tlsh": 0.3333232783265949}