{"bindiff": 0.10279903292212376, "lzjd": 0.3058124101849791, "sdhash": 0.3596660767931846, "ssdeep": 0.47316942972760034, "tlsh": 0.2942309040886675}