{"bindiff": 0.18563105292154972, "lzjd": 0.18552589181056772, "sdhash": 0.21429848041931476, "ssdeep": 0.3164148663860207, "tlsh": 0.3164148663860207}