{"bindiff": 0.11154561181552594, "lzjd": 0.32539460598222253, "sdhash": 0.38336014398995627, "ssdeep": 0.45823574718696924, "tlsh": 0.4344536799245691}