{"bindiff": 0.0024009999999999865, "lzjd": 0.9000966080761733, "sdhash": 0.7416816477887711, "ssdeep": 0.8509945162377174, "tlsh": 0.9438332989973899}